{"target": 0.11987352445193929, "params": {"kc_size": 1943.532444182761, "proj_size": 31.486302265465305, "top_words": 1500.8829593222888, "wta": 46.763667360003325}, "datetime": {"datetime": "2022-03-06 23:22:10", "elapsed": 0.0, "delta": 0.0}}
