{"pop_size": 50, "max_generation": 4, "crossover_prob": 0.5, "select_percent": 0.1, "mutate_prob_proj": 0.05, "mutate_scale_wta": 2}
{"min_wta": 5, "max_wta": 20, "min_kc": 20, "max_kc": 910, "min_proj": 5, "max_proj": 20, "TOP_WORDS": 50, "C": 100, "NUM_ITER": 50}
{"fitness": 0.27765598650927487, "non_zero": 0.001196091133291425, "val_score": [0.2776559865092748, 0.0, 0.0], "kc_size": 446.02, "wta": 12.719726150440678, "kc_score": Infinity, "gen": 0, "time": 178.091694355011}
