{"fitness": 0.4072512647554806, "avg_val_score": 0.1357504215851602, "kc_score": Infinity, "val_wos": 0.4072512647554806, "val_wikipedia": 0.0, "val_20news": 0.0}